{
  "protocol": {
    "output": "benchmark_results/random_species_models_20260701",
    "taxa": 20,
    "repeats": 5,
    "records_per_taxon": 200,
    "presence_cap": 150,
    "background": 500,
    "minimum_records": 50,
    "facet_limit": 300,
    "strata": 4,
    "seed": 20260701,
    "block_degrees": 0.5,
    "holdout_fraction": 0.2,
    "ensemble_search_draws": 500,
    "train_fraction": 0.7
  },
  "sampled_taxa": 20,
  "successful_taxa": 20,
  "failed_or_incomplete_taxa": 0,
  "model_summary": [
    {
      "algorithm": "Equal-weight ensemble",
      "successful_taxa": 20,
      "valid_folds": 100,
      "mean_roc_auc": 0.6293545647807528,
      "roc_auc_ci_low": 0.5862926393232161,
      "roc_auc_ci_high": 0.6718258496806874,
      "mean_pr_auc": 0.341458927818897,
      "pr_auc_ci_low": 0.30041477655246357,
      "pr_auc_ci_high": 0.38591574896351455,
      "mean_brier": 0.15980904907896662,
      "brier_ci_low": 0.142540019977268,
      "brier_ci_high": 0.17830353170619812,
      "mean_log_loss": 0.49890625959285095,
      "log_loss_ci_low": 0.44955486003078104,
      "log_loss_ci_high": 0.559486258796096,
      "mean_tss": 0.12147863512641585,
      "tss_ci_low": 0.06135004562870533,
      "tss_ci_high": 0.18549476398755163,
      "mean_calibration_slope": 0.5251686584492814,
      "calibration_slope_ci_low": 0.3443669235377655,
      "calibration_slope_ci_high": 0.699256800257594,
      "mean_boyce_spearman": 0.37350018238171,
      "boyce_spearman_ci_low": 0.26607686499039435,
      "boyce_spearman_ci_high": 0.46775821683878765
    },
    {
      "algorithm": "ExtraTrees",
      "successful_taxa": 20,
      "valid_folds": 100,
      "mean_roc_auc": 0.617995279136634,
      "roc_auc_ci_low": 0.5712162451225763,
      "roc_auc_ci_high": 0.6633656038673327,
      "mean_pr_auc": 0.33340269036300985,
      "pr_auc_ci_low": 0.2919638667073787,
      "pr_auc_ci_high": 0.3803527487644569,
      "mean_brier": 0.17099297412959533,
      "brier_ci_low": 0.15009202086664936,
      "brier_ci_high": 0.19515314206188036,
      "mean_log_loss": 0.7367606722564414,
      "log_loss_ci_low": 0.6037620299251328,
      "log_loss_ci_high": 0.920271982376076,
      "mean_tss": 0.007003816303889065,
      "tss_ci_low": -0.00017543859649122798,
      "tss_ci_high": 0.018402681598994962,
      "mean_calibration_slope": 0.2133472740455537,
      "calibration_slope_ci_low": 0.1396139619011095,
      "calibration_slope_ci_high": 0.3006288649915292,
      "mean_boyce_spearman": 0.3200821766838375,
      "boyce_spearman_ci_low": 0.1982402267103369,
      "boyce_spearman_ci_high": 0.43247141546242224
    },
    {
      "algorithm": "Gradient boosting",
      "successful_taxa": 20,
      "valid_folds": 100,
      "mean_roc_auc": 0.618661947522721,
      "roc_auc_ci_low": 0.5819208126203502,
      "roc_auc_ci_high": 0.6543388415413066,
      "mean_pr_auc": 0.33888049739293924,
      "pr_auc_ci_low": 0.3034924230093966,
      "pr_auc_ci_high": 0.3760454122911269,
      "mean_brier": 0.17372583025957483,
      "brier_ci_low": 0.1512754848430685,
      "brier_ci_high": 0.19935086173918534,
      "mean_log_loss": 0.6093786481545141,
      "log_loss_ci_low": 0.5257871012520087,
      "log_loss_ci_high": 0.7161681786448181,
      "mean_tss": 0.12539648440094373,
      "tss_ci_low": 0.07967449061809281,
      "tss_ci_high": 0.17179477731138043,
      "mean_calibration_slope": 0.2686528883295456,
      "calibration_slope_ci_low": 0.16655156747232736,
      "calibration_slope_ci_high": 0.36204737189276615,
      "mean_boyce_spearman": 0.33957403877383985,
      "boyce_spearman_ci_low": 0.24123151229148185,
      "boyce_spearman_ci_high": 0.4310747897233725
    },
    {
      "algorithm": "Logistic regression",
      "successful_taxa": 20,
      "valid_folds": 100,
      "mean_roc_auc": 0.5878046662291025,
      "roc_auc_ci_low": 0.5408544721555291,
      "roc_auc_ci_high": 0.6345307964287313,
      "mean_pr_auc": 0.2864986779186488,
      "pr_auc_ci_low": 0.24328956749184963,
      "pr_auc_ci_high": 0.3310284301470607,
      "mean_brier": 0.23008226360114983,
      "brier_ci_low": 0.2141062709036185,
      "brier_ci_high": 0.2443019843969319,
      "mean_log_loss": 0.6495756203341382,
      "log_loss_ci_low": 0.611463019616599,
      "log_loss_ci_high": 0.6852490535483161,
      "mean_tss": 0.08011890185300698,
      "tss_ci_low": 0.012621483404162217,
      "tss_ci_high": 0.1447584848754456,
      "mean_calibration_slope": 0.4857114184309478,
      "calibration_slope_ci_low": 0.22735763388765412,
      "calibration_slope_ci_high": 0.7244754322415645,
      "mean_boyce_spearman": 0.2645184555453265,
      "boyce_spearman_ci_low": 0.14434569099312672,
      "boyce_spearman_ci_high": 0.3794756136275433
    },
    {
      "algorithm": "Random forest",
      "successful_taxa": 20,
      "valid_folds": 100,
      "mean_roc_auc": 0.6128822514884606,
      "roc_auc_ci_low": 0.5765408453315026,
      "roc_auc_ci_high": 0.6473249119572243,
      "mean_pr_auc": 0.3338398953325819,
      "pr_auc_ci_low": 0.29566535354291,
      "pr_auc_ci_high": 0.3748688510937166,
      "mean_brier": 0.1696089331949174,
      "brier_ci_low": 0.14898320453143538,
      "brier_ci_high": 0.19368853827509858,
      "mean_log_loss": 0.7398999394487558,
      "log_loss_ci_low": 0.5780089268875279,
      "log_loss_ci_high": 0.9492963105166662,
      "mean_tss": 0.11000836790101029,
      "tss_ci_low": 0.0632914020435555,
      "tss_ci_high": 0.15810121381073625,
      "mean_calibration_slope": 0.2753323780005287,
      "calibration_slope_ci_low": 0.1854494807007485,
      "calibration_slope_ci_high": 0.3698106373669215,
      "mean_boyce_spearman": 0.3258975242249978,
      "boyce_spearman_ci_low": 0.215377415476863,
      "boyce_spearman_ci_high": 0.4264167218664551
    }
  ],
  "ensemble_calibration": {
    "design": "ensemble weights and probability shrinkage selected on calibration taxa; reported on unseen taxa",
    "calibration_taxa": [
      "Acer pictum Thunb.",
      "Athyrium deltoidofrons Makino",
      "Athyrium otophorum (Miq.) Koidz.",
      "Carpesium divaricatum Siebold & Zucc.",
      "Dryopteris uniformis (Makino) Makino",
      "Fagus crenata Blume",
      "Hymenophyllum barbatum (Bosch) Baker",
      "Lonicera japonica Thunb.",
      "Neolitsea sericea (Blume) Koidz.",
      "Phellodendron amurense Rupr.",
      "Prunus maximowiczii Rupr.",
      "Quercus serrata Murray",
      "Scirpus wichurae Boeckeler",
      "Toxicodendron trichocarpum (Miq.) Kuntze"
    ],
    "heldout_evaluation_taxa": [
      "Aster ageratoides Turcz.",
      "Athyrium wardii (Hook.) Makino",
      "Fraxinus mandshurica Rupr.",
      "Geranium thunbergii Siebold & Zucc. ex Lindl. & Paxton",
      "Polystichum retrosopaleaceum (Kodama) Tagawa",
      "Zelkova serrata (Thunb.) Makino"
    ],
    "selected_weights": {
      "Logistic regression": 0.275848,
      "Random forest": 0.163876,
      "ExtraTrees": 0.359086,
      "Gradient boosting": 0.20119
    },
    "selected_probability_shrinkage": 0.7,
    "heldout_log_loss": 0.499774,
    "equal_weight_heldout_log_loss": 0.501836,
    "heldout_brier": 0.162627,
    "equal_weight_heldout_brier": 0.164353,
    "heldout_roc_auc": 0.656987,
    "equal_weight_heldout_roc_auc": 0.656243,
    "recommend_change": false,
    "random_state": 20260701,
    "status": "ok"
  },
  "interpretation": "Retrospective discrimination/calibration benchmark; prospective four-island field detection remains the external test."
}