radius_km,taxon_group,declared_pairs,expected_folds,evaluated_folds,fold_completion_rate,rankable_folds,rankable_rate_of_expected,ite_default_recall,ite_random_recall,ite_oracle_recall,ite_lift_over_random,ite_lift_ci_low,ite_lift_ci_high,bootstrap_probability_lift_positive,cluster_sign_flip_p_value,rankable_default_recall,rankable_random_recall,rankable_oracle_recall
2.0,animal,12,60,39,0.65,13,0.21666666666666667,0.0011381172839506173,0.0009522145061728396,0.0018047839506172842,0.0001859027777777776,0.0,0.0005577083333333328,0.6458,1.0,0.005252849002849003,0.004394836182336183,0.00832977207977208
2.0,plant,12,60,35,0.5833333333333334,16,0.26666666666666666,0.0,0.0002847222222222222,0.0006944444444444445,-0.0002847222222222222,-0.0008541666666666666,0.0,0.0,1.0,0.0,0.001067708333333333,0.0026041666666666665
5.0,animal,12,60,39,0.65,13,0.21666666666666667,0.01038519330734243,0.014522613852887977,0.019260068182217305,-0.0041374205455455455,-0.012969969969969972,0.0005577083333333332,0.3436,1.0,0.005252849002849003,0.024348636136136137,0.046213809963809964
5.0,plant,12,60,35,0.5833333333333334,16,0.26666666666666666,0.0006944444444444445,0.0012378472222222222,0.0031250000000000006,-0.0005434027777777777,-0.001407986111111111,0.0,0.0,0.49547522623868806,0.0026041666666666665,0.004641927083333333,0.01171875
10.0,animal,12,60,39,0.65,13,0.21666666666666667,0.034023653740507184,0.036672885451539974,0.054619448873936736,-0.0026492317110327853,-0.01296996996996997,0.005022274836871608,0.3662,1.0,0.08427350427350427,0.09650072755519407,0.17933102027394832
10.0,plant,12,60,35,0.5833333333333334,16,0.26666666666666666,0.011395718367715137,0.010065467515199432,0.02029296317349653,0.0013302508525157065,-0.004804507107198394,0.008186248253425387,0.685,0.7498125093745313,0.0407178148466737,0.0357293741497398,0.07408248286835392
