radius_km,taxon_group,declared_pairs,expected_folds,evaluated_folds,fold_completion_rate,rankable_folds,rankable_rate_of_expected,ite_default_recall,ite_random_recall,ite_oracle_recall,ite_lift_over_random,ite_lift_ci_low,ite_lift_ci_high,bootstrap_probability_lift_positive,cluster_sign_flip_p_value,rankable_default_recall,rankable_random_recall,rankable_oracle_recall
2.0,animal,12,60,55,0.9166666666666666,47,0.7833333333333333,0.0018881118881118881,0.0024182212524317785,0.004594878805405121,-0.0005301093643198906,-0.0019981203007518795,0.0005601731601731601,0.244,0.7478626068696566,0.0007736943907156673,0.0014504297494219109,0.004229141519175114
2.0,plant,12,60,60,1.0,41,0.6833333333333333,0.0026274509803921567,0.0037089426300823364,0.019691342970754738,-0.0010814916496901794,-0.003354099490174858,0.0009294117647058825,0.1654,0.3768311584420779,0.0038450502152080346,0.005427720922071712,0.028816599469397176
5.0,animal,12,60,55,0.9166666666666666,47,0.7833333333333333,0.02311437096676056,0.020795843006796797,0.0510344249072573,0.0023185279599637638,-0.004161601076746384,0.011279076209303653,0.6684,0.7805609719514024,0.01771380330672913,0.014753980379115808,0.053356425358427086
5.0,plant,12,60,60,1.0,41,0.6833333333333333,0.020880283800840064,0.020390563208665998,0.07929835565093314,0.0004897205921740687,-0.020917495617812337,0.02034110710284073,0.5174,1.0,0.027625224920153495,0.02690856063892316,0.1131150861641921
10.0,animal,12,60,55,0.9166666666666666,47,0.7833333333333333,0.11965867954172145,0.0721405492368511,0.230043159628789,0.04751813030487034,0.013830557841909999,0.09349288624480175,1.0,0.01294935253237338,0.13526713577813573,0.07460569283574807,0.2761834933360943
10.0,plant,12,60,60,1.0,41,0.6833333333333333,0.043331133512623556,0.05471101427669086,0.15748667804062924,-0.011379880764067297,-0.05150974874976426,0.017263910560669504,0.2978,0.7251137443127844,0.05267228535437048,0.069325769399347,0.2197291797855983
