radius_km,taxon_group,declared_pairs,expected_folds,evaluated_folds,fold_completion_rate,rankable_folds,rankable_rate_of_expected,ite_default_recall,ite_random_recall,ite_oracle_recall,ite_lift_over_random,ite_lift_ci_low,ite_lift_ci_high,bootstrap_probability_lift_positive,cluster_sign_flip_p_value,rankable_default_recall,rankable_random_recall,rankable_oracle_recall
2.0,plant,24,120,115,0.9583333333333334,92,0.7666666666666667,0.015343133018482648,0.008901048573743875,0.02742306524216534,0.006442084444738774,-0.0035209987496924314,0.024012712631963924,0.6658,0.9007049647517624,0.01899858341505939,0.01059586457409577,0.03475501675029768
5.0,plant,24,120,115,0.9583333333333334,92,0.7666666666666667,0.04931321043331036,0.03789796788050032,0.09742121251926446,0.01141524255281004,-0.007135649857189789,0.029845800038027347,0.8882,0.24928753562321884,0.059394305067978055,0.04450485825996497,0.12214387300617904
10.0,plant,24,120,115,0.9583333333333334,92,0.7666666666666667,0.10736116829949945,0.08589306222548294,0.19853660076048663,0.0214681060740165,0.00022762128297703258,0.048080172523030484,0.977,0.07929603519824009,0.12091169124578703,0.09290981375793944,0.2398361683688138
