radius_km,taxon_group,declared_pairs,expected_folds,evaluated_folds,fold_completion_rate,rankable_folds,rankable_rate_of_expected,ite_default_recall,ite_random_recall,ite_oracle_recall,ite_lift_over_random,ite_lift_ci_low,ite_lift_ci_high,bootstrap_probability_lift_positive,cluster_sign_flip_p_value,rankable_default_recall,rankable_random_recall,rankable_oracle_recall
2.0,animal,12,60,60,1.0,59,0.9833333333333333,0.004431497175141244,0.0021716366439131613,0.00932885787895356,0.0022598605312280826,-0.002139165852069078,0.008454029703817841,0.7646,0.7174641267936603,0.004506607296753807,0.002208444044657452,0.00948697411419006
2.0,plant,12,60,59,0.9833333333333333,58,0.9666666666666667,0.0055296413440168975,0.005649964237372018,0.018334378760255017,-0.0001203228933551222,-0.005128732440167726,0.00428271907871515,0.4984,0.992250387480626,0.0057203186317416185,0.005844790590384848,0.01896659871750519
5.0,animal,12,60,60,1.0,59,0.9833333333333333,0.047707699469979124,0.019106940508141813,0.07877262470410093,0.02860075896183731,-0.0019798307119345718,0.06219670327293181,0.9642,0.12919354032298386,0.048516304545741476,0.01943078695743235,0.08010775393637383
5.0,plant,12,60,59,0.9833333333333333,58,0.9666666666666667,0.026644908197812612,0.033057508810122,0.10449619435676087,-0.006412600612309381,-0.024457368347873074,0.005712241269408533,0.2448,0.68011599420029,0.027056598744187494,0.03369032351554203,0.107592412012065
10.0,animal,12,60,60,1.0,59,0.9833333333333333,0.09805510180888079,0.05722301792845744,0.22091043302881394,0.040832083880423364,0.0030808840499763302,0.08465271469762727,0.9844,0.08014599270036499,0.0997170526869974,0.05819289958826179,0.22465467765642094
10.0,plant,12,60,59,0.9833333333333333,58,0.9666666666666667,0.1147409813759961,0.10179219540509794,0.2566352822563089,0.012948785970898153,-0.002023618263208162,0.030472063964201834,0.9518,0.1870906454677266,0.11768336815772416,0.10428807232576058,0.2644705759649443
